country,import_shipments,export_shipments,top_import_source,import_source_share_pct,top_export_market,export_market_share_pct,top_export_commodity,top_import_commodity
Afghanistan,596118,110342,Malaysia,96,China,39,,Sunflower Oil
Albania,1496855,1133534,Italy,57,Italy,74,Footwear,Copper
Algeria,11946502,10772250,China,31,Italy,30,Refined Petroleum,Machinery
Andorra,157323,15453,Spain,81,United States,77,,
Angola,2670259,9010563,China,24,China,71,Refined Petroleum,Poultry
Anguilla,29461,2641,,,,,,
Antigua and Barbuda,248488,8577,,,,,,
Argentina,17606377,26699307,Brazil,31,Brazil,33,Rice,Machinery
Armenia,394074,984925,Italy,45,Germany,35,Copper,
Aruba,373304,24223,,,,,,
Australia,165521884,462542410,China,42,China,27,Refined Petroleum,Machinery
Austria,57040725,52502811,Germany,55,Germany,44,Machinery,Machinery
Azerbaijan,1867261,5374378,United Kingdom,97,Italy,59,Refined Petroleum,Jewellery
Bahamas,2428900,467037,United States,78,United States,56,Organic Chemicals,Refined Petroleum
Bahrain,4657265,4300665,Saudi Arabia,46,Saudi Arabia,32,Aluminium,Dairy & Milk
Bangladesh,22327061,21766894,China,41,Germany,23,Garments & Apparel,Steel & Iron
Barbados,408570,48517,,,United States,43,Wine,
Belarus,2500198,1588395,Poland,60,Poland,29,Steel & Iron,Nuts
Belgium,263365045,230756073,Netherlands,24,Germany,25,Steel & Iron,Organic Chemicals
Benin,1591365,202710,Thailand,50,China,44,Cotton,Cotton
Bermuda,395810,19984,United States,77,United States,73,Carpets & Rugs,Carpets & Rugs
Bhutan,35367,13439,,,,,,
Bolivia,1394765,4090557,Brazil,76,United States,27,Nuts,Cocoa
Bosnia-Herzegovina,1469570,1534447,Netherlands,42,Germany,42,Footwear,
Botswana,188486,462567,Canada,58,Belgium,51,Jewellery,Jewellery
Brazil,130490861,396494313,China,39,United States,29,Steel & Iron,Machinery
Brunei,916160,2437340,Singapore,58,Japan,30,Refined Petroleum,Jewellery
Bulgaria,11010251,9020510,Germany,23,Germany,31,Garments & Apparel,Electronics
Burkina Faso,394935,335984,,,Japan,59,,
Burundi,56386,33607,,,Germany,29,Tea,
Cambodia,6500956,11996265,Thailand,36,United States,40,Garments & Apparel,Aluminium
Cameroon,2020672,2006376,Thailand,37,Netherlands,29,Cocoa,Wheat
Canada,377578579,467053607,United States,63,United States,83,Machinery,Machinery
Cape Verde,158448,13511,,,,,,
Chad,119911,713182,,,Turkiye,93,Soybeans,
Chile,21805514,76689405,China,40,United States,33,Copper,Machinery
China,1616259915,1775241465,Hong Kong,21,United States,28,Electronics,Electronics
Colombia,17934043,15686203,United States,34,United States,44,Spices,Machinery
Comoros,31765,584,,,,,,
Congo,606709,2631046,United States,31,China,56,Copper,Poultry
Costa Rica,5483539,7275287,United States,51,United States,41,Electronics,Wheat
Croatia,7444190,4228943,Italy,26,Italy,38,Electronics,Garments & Apparel
Cyprus,3012204,705255,Italy,22,United Kingdom,34,Dairy & Milk,Fertilizers
Czech Republic,124497485,129030897,Germany,34,Germany,45,Machinery,Electronics
Democratic Republic Of The Congo,1447848,8010148,Poland,25,China,58,Copper,Poultry
Denmark,26988774,25841702,Germany,36,Germany,27,Machinery,Machinery
Dominica,94173,8708,,,,,,
Ecuador,6049755,10561866,United States,32,United States,38,Seafood & Fish,Steel & Iron
Egypt,66499632,29147306,China,27,United States,18,Garments & Apparel,Steel & Iron
El Salvador,2736895,1702381,United States,69,United States,81,Garments & Apparel,Wheat
Equatorial Guinea,195357,1354538,,,China,45,Refined Petroleum,
Eritrea,64052,3223,,,,,,
Estonia,3491260,2735171,Germany,20,United States,24,Electronics,Cocoa
Eswatini,38895,61192,,,Italy,25,Sugar,
Ethiopia,1953148,1226609,China,45,United States,24,Spices,Cotton
Fiji,635809,267061,,,United States,69,Wine,
Finland,16124342,23446743,Germany,35,Germany,26,Steel & Iron,Machinery
France,205972685,179074690,Germany,25,Germany,20,Machinery,Machinery
French Polynesia,71381,10951,,,,,,
Gabon,382416,3239419,,,China,47,Refined Petroleum,
Gambia,239627,58703,,,,,,
Georgia,1672343,439755,Brazil,61,United States,44,Copper,Sugar
Germany,866468551,877372485,China,18,United States,14,Machinery,Electronics
Ghana,3919893,2919575,Canada,16,Netherlands,25,Cocoa,Poultry
Gibraltar,1860057,49224,Italy,38,Netherlands,100,,Refined Petroleum
Greece,17225990,11232432,China,25,Italy,23,Aluminium,Garments & Apparel
Greenland,19313,109673,,,Japan,35,Seafood & Fish,
Grenada,82542,15130,,,Germany,100,,
Guatemala,5909490,6156144,United States,69,United States,74,Garments & Apparel,Refined Petroleum
Guinea,925728,3384332,Brazil,93,,,,
Guinea-Bissau,22141,4916,,,,,,
Guyana,738130,2269754,,,United States,36,Refined Petroleum,
Haiti,1068293,151255,United States,91,United States,95,Cosmetics,Wheat
Honduras,3764242,4174244,United States,95,United States,75,Garments & Apparel,Cotton
Hong Kong,323591450,182383816,China,56,China,67,Electronics,Electronics
Hungary,55833367,63219737,Germany,37,Germany,41,Electronics,Electronics
Iceland,1369672,2439524,Canada,44,Netherlands,40,Aluminium,Seafood & Fish
India,113209102,101984007,China,38,United States,36,Garments & Apparel,Electronics
Indonesia,154973924,200944566,China,38,China,29,Steel & Iron,Machinery
Iran,11256690,10542426,China,43,China,43,Steel & Iron,Machinery
Iraq,12904185,18844477,China,36,China,41,Refined Petroleum,Machinery
Ireland,69801096,119833259,United Kingdom,31,United States,39,Organic Chemicals,Machinery
Israel,20266005,15690220,China,27,United States,37,Electronics,Machinery
Italy,352316555,376766993,Germany,27,Germany,24,Machinery,Machinery
Ivory Coast,2753744,4709913,China,24,Netherlands,27,Cocoa,Seafood & Fish
Jamaica,1885807,573837,United States,83,United States,40,Wine,
Japan,544271189,414537521,China,42,China,28,Machinery,Electronics
Jordan,5363378,2670472,China,31,United States,59,Garments & Apparel,Garments & Apparel
Kazakhstan,9067037,16915273,China,63,China,35,Steel & Iron,Garments & Apparel
Kenya,5155047,2237185,China,61,United States,42,Garments & Apparel,Steel & Iron
Kiribati,10807,56054,,,Thailand,77,,
Kuwait,6579722,14662992,China,24,China,30,Refined Petroleum,Garments & Apparel
Kyrgyzstan,3502931,203643,China,90,Turkiye,45,Cotton,Garments & Apparel
Laos,2062854,3324816,Thailand,89,Thailand,34,Electronics,Sugar
Latvia,4086253,3983802,Poland,21,United Kingdom,27,Wood & Timber,Wine
Lebanon,3586251,348171,Turkiye,21,United States,59,Fertilizers,Fertilizers
Lesotho,19445,57848,,,,,,
Liberia,2574008,552989,China,83,United States,42,Rubber,
Libya,3274569,7345601,Turkiye,36,Italy,29,Refined Petroleum,Dairy & Milk
Lithuania,7512481,7153568,Germany,26,Germany,22,Furniture,Electronics
Luxembourg,8210221,5496429,Germany,39,Germany,34,Steel & Iron,Steel & Iron
Madagascar,619464,1356394,China,87,United States,50,Garments & Apparel,Cotton
Malawi,186579,305120,China,100,Germany,31,Tobacco,
Malaysia,175687207,218085313,China,32,China,21,Electronics,Electronics
Maldives,565388,79391,Malaysia,24,Thailand,51,,
Mali,459648,144844,,,China,92,,
Malta,3431605,1321167,Italy,23,Germany,19,Electronics,Refined Petroleum
Mauritania,541471,2608105,China,56,Spain,61,Seafood & Fish,
Mauritius,981855,363902,China,34,United States,36,Garments & Apparel,Seafood & Fish
Mexico,379174002,373743005,United States,54,United States,87,Machinery,Electronics
Moldova,785520,967559,Turkiye,63,Italy,23,Garments & Apparel,Carpets & Rugs
Mongolia,884947,1434695,,,China,98,Refined Petroleum,
Montenegro,327870,380576,,,,,,
Montserrat,3803,1338,,,,,,
Morocco,15634095,12784682,Spain,29,Spain,41,Garments & Apparel,Machinery
Mozambique,1770245,2642761,Thailand,30,Italy,39,Aluminium,Fertilizers
Myanmar,6910875,9219383,China,55,China,18,Garments & Apparel,Steel & Iron
Namibia,371484,1128611,Germany,34,Spain,33,Seafood & Fish,
Nauru,1637,43341,,,,,,
Nepal,861872,86132,China,85,United States,34,,Cotton
Netherlands,434469259,423566046,Germany,27,Germany,31,Machinery,Electronics
New Zealand,13397856,22747489,Australia,24,China,34,Dairy & Milk,Machinery
Nicaragua,1551606,2854837,United States,75,United States,79,Garments & Apparel,Cocoa
Niger,202048,81863,,,,,,
Nigeria,14492911,11675678,China,54,United States,18,Refined Petroleum,Machinery
Norway,18170617,38944589,Germany,28,United Kingdom,22,Seafood & Fish,Machinery
Oman,6471169,14371365,China,24,China,36,Steel & Iron,Trucks & Commercial Vehicles
Pakistan,18744489,13187707,China,54,United States,25,Garments & Apparel,Steel & Iron
Panama,9790797,2275304,China,43,Netherlands,41,Nuts,Garments & Apparel
Papua New Guinea,1389449,4557586,Australia,36,China,44,Wood & Timber,Copper
Paraguay,2954014,2878911,United States,60,Brazil,78,Wheat,Electronics
Peru,13008012,49012682,China,35,United States,39,Nuts,Machinery
Philippines,103868568,62059684,China,36,China,18,Electronics,Electronics
Poland,215747909,206825808,Germany,34,Germany,42,Machinery,Machinery
Portugal,28297222,22447563,Spain,43,Spain,32,Garments & Apparel,Machinery
Qatar,7111395,22933102,United Kingdom,18,South Korea,20,Refined Petroleum,Machinery
Romania,28309711,25356127,Germany,29,Germany,33,Electronics,Electronics
Russia,53732017,113972094,China,47,China,25,Steel & Iron,Machinery
Rwanda,215781,292909,China,93,United States,34,Spices,
Saint Vincent and The Grenadines,79260,6008,,,,,,
Samoa,102030,9767,,,,,,
San Marino,87229,31301,,,Brazil,80,,
Sao Tome and Principe,7662,1744,,,,,,
Saudi Arabia,106709128,100166119,China,37,China,25,Organic Chemicals,Machinery
Senegal,2827488,970071,Brazil,30,Spain,33,Seafood & Fish,Wheat
Serbia,6029571,5728201,Germany,30,Germany,34,Electronics,Aluminium
Seychelles,150684,109564,Spain,81,Japan,37,Seafood & Fish,Seafood & Fish
Sierra Leone,349582,1017982,Turkiye,48,China,58,Cocoa,
Singapore,192944959,189513357,China,25,Hong Kong,24,Electronics,Electronics
Slovakia,25059945,24006838,Germany,27,Germany,30,Electronics,Electronics
Slovenia,10534028,8616830,Germany,24,Germany,36,Electronics,Steel & Iron
Somalia,308688,24909,,,,,,
South Africa,53961685,97585090,China,42,China,16,Steel & Iron,Machinery
South Korea,402053359,372674694,China,39,China,37,Electronics,Electronics
South Sudan,71564,318768,,,,,,
Spain,266924706,243917305,Germany,21,Germany,20,Machinery,Machinery
Sri Lanka,3784395,4208291,China,41,United States,43,Garments & Apparel,Fertilizers
Sudan,1413406,1042406,Saudi Arabia,35,China,62,Soybeans,Sugar
Suriname,409064,177532,,,United States,52,,
Sweden,40129400,45836359,Germany,31,Germany,21,Machinery,Machinery
Switzerland,63645933,59553946,Germany,45,Germany,34,Organic Chemicals,Machinery
Syria,1674283,282258,Turkiye,71,Turkiye,55,Spices,Fertilizers
Tajikistan,496889,248494,,,Turkiye,87,,
Tanzania,3525384,1266557,China,67,China,27,Copper,Footwear
Thailand,161393930,188603551,China,34,United States,25,Electronics,Electronics
Togo,2247487,377327,China,41,China,45,Soybeans,Refined Petroleum
Tonga,32141,6540,,,,,,
Trinidad and Tobago,2133409,2444175,United States,74,United States,79,Steel & Iron,Cocoa
Tunisia,4011411,3607860,Germany,23,Germany,41,Garments & Apparel,Sugar
Turkiye,161976961,144842184,China,22,Germany,22,Garments & Apparel,Steel & Iron
Turkmenistan,714902,2719326,,,China,95,Refined Petroleum,
Tuvalu,3147,6174,,,,,,
Uganda,679714,560527,China,69,Italy,27,Spices,
Ukraine,12357418,24263452,Poland,23,Turkiye,15,Steel & Iron,Machinery
United Arab Emirates,55761395,50690797,China,33,Japan,20,Refined Petroleum,Electronics
United Kingdom,444557704,257870751,China,22,United States,22,Machinery,Machinery
United States,1820920569,1218510424,China,28,Mexico,25,Machinery,Machinery
Uruguay,3246836,6142990,Brazil,37,China,33,Poultry,Sports Goods
Uzbekistan,3778509,1429980,China,42,Turkiye,56,Copper,Copper
Vanuatu,71757,47890,,,,,,
Venezuela,3938448,4866764,United States,44,United States,46,Refined Petroleum,Wheat
Vietnam,108449718,139115389,China,39,United States,37,Electronics,Electronics
Zambia,1639661,2674919,South Africa,92,China,82,Copper,Copper
Zimbabwe,1757561,1843483,South Africa,92,China,54,Steel & Iron,Wheat
